Nome,E-mail
romulovieirax,romulovieira2007@gmail.com
Alaine,alaine.20@hotmail.com
Ricardo Silva,ricksilvars35@gmail.com
Telio Delmaschio,telio.amigo@hotmail.com
Hélio D'angeles,heliodbnascimento@hotmail.com
camila,camilateixeiraterto@gmail.com
Jrodrigo2010@hotmail.com,jrodrigo2010@hotmail.com
Cleiton Morais,cleitonmorais262@gmail.com
jakenilson Alves da silva,kinil403@hotmail.com
José Gomes,dominussherykan@hotmail.com
Hélio Roberto Martins,heliomartins0520@gmail.com
Lais Fernanda,laisgata28@gmail.com
Cipriano,jonnathangcipriano@gmail.com
JARDENYSILVA,jardenysilvasilva@gmail.com
ROSANGELA C.S.OLIVEIRA,rosangela.oliveira2009@hotmail.com
Thaísa Aparecida,thaisaap2015@outlook.com
Mauro Franco Muniz Junior,jnhomuniz@hotmail.com
Renata Carvalho,renatatst30@yahoo.com.br
Naiane Silva,nsilvacosta18@gmail.com
Juciane da,jucis@unochapeco.edu.br
Wallyson Fontinelli,wallysonmg1@hotmail.com
Cléo dos,cleodos2013@gmail.com
Sandro,san-gp@hotmail.com
Antonio,bertonicenterplaza@gmail.com
Danielli Cleim,danny.cleim@gmail.com
Pereira,diegorendaextras@gmail.com
Rogerio,patriciarogeriodaniel@gmail.com
Pollyanna Mota,lyah.mota23@gmail.com
Charles Vitor,charlesvitor_@hotmail.com
Victor Pereira,victordecastroritadelima@gmail.com
Elizandra Silva,limae7028@gmail.com
Edu Borges,eduborges917@gmail.com
AIRES02,fillipe.ga@gmail.com
Jefferson Aparecido,com.aleph@gmail.com
Hadassa Esquinazi,hadassaesquinazi@gmail.com
Leimos Campos,leimoscampos@icloud.com
Gonçalves,rstxspymaster@gmail.com
Hadassa,hadassanegocios@gmail.com
Matheus,mmelo6206@gmail.com
Leonardo braz,leobraw936@gmail.com
Alex Santos,divulgafaciljlle@gmail.com
Raniele Cunha,ranielecunha88@gmail.com
Jéssica Fernandes,jessydasilvafernandes@gmail.com
Ponto Executivo,marcelopiolap@gmail.com
Sirlene,sirmenescau@hotmail.com
Rafael Novais Arcanjo,raphaelnovaesz@gmail.com
Jairo lopes,jlcelular.30@gmail.com
lucilene lucena,arielmanu47@hotmail.com
Edson Roberto,edsonaraujoju@gmail.com
Oscar Ferreira,oscaruposcar@gmail.com
Helen Cristina,cris.monteirompg@gmail.com
Liomar Queiroz,laiomanqueiroz@gmail.com
Bruno alves,buno199491@gmail.com
maria elisangela,elisangelasilvapereira652@gmail.com
José Robson,robsonromano29@gmail.com
Mel Moura,mouramelsilva@gmail.com
Lucas,lucaspassos.79bjs@gmail.com
Elizeu Ferreira,elizeucarvalhomarcenaria@gmail.com
Adriana Nunes,adrianant@hotmail.com
Fernanda,fefesouzaluz@icloud.com
Jaqueline Renauria,jaque.hoeller@gmail.com
eraclyson mathews,mathewsemprendedor_19@outlook.com
Gabriel santos,gabrielssantosk007@gmail.com
Rafaela lemos,rafinhanascimento142029@gmail.com
Roberto fleck,robfleck81@gmail.com
Gecastro,ge.decampos@hotmail.com
Edvan da,edvanfera2020@gmail.com
vandeilson costa,vandeilsoncosta59@gmail.com
Kaique pereira,kaique.p18@outlook.com
Naiane dos,naianefer2013@gmail.com
Roseni Conceição,rose.conc.souza@gmail.com
Diversos net,brunoomcosta21@gmail.com
Maria Laura,lauracontadora2019@gmail.com
Daiane F.,daianealessandro2906@gmail.com
Gabriel.mendonca,gabriel.mendonca233@gmail.com
Diego Vitor,divitor15@gmail.com
Bruna Araújo,brunalcrn@gmail.com
Filipe Alef,filipelindo11@live.com
milena paes,milaoliveira368@gmail.com
Larissa de,larissa.parente78@gmail.com
Jalb,jaqueline.de.albuquerque@gmail.com
Letícia Arcanjo,lhettycya@gmail.com
Carollina gaipo,carollinagaipo@gmail.com
Elaine Cristine,elaynegoncallves1997@gmail.com
Dayana da,prof_bailar@hotmail.com
João Silva,joaoairton1217@gmail.com
Andrey Luiz,andreyluiz49@gmail.com
Laudiane Alves,melodiany42@gmail.com
Francisco Cardoso,franciscocdjunior@hotmail.com
Vaan Lima,vaan.s.lima@gmail.com
Ricardo Alex,ricardoalex660@gmail.com
Manoel Geraldo,zicogalinho@yahoo.com.br
Flávia Roldes,flavinharold@hotmail.com
Cleitonalmeidasilva2@gmail.com,cleitonalmeidasilva2@gmail.com
Erica Mara,maradeluxefsa@outlook.com
Abadia iscar André do carmo,abadiaamorld@gmail.com
Raquelleal,raquelandradeleal2@gmail.com
Francisca Isabella,sabella1410@gmail.com
TALITA DOS,talitasantos8117@hotmail.com
Jessé Eliabe,jesseandradeeliabe@gmail.com
Miller Bispo,andrade.miller@bol.com.br
Cleiditon Santana,clediton2000@gmail.com
anapaula moura,anapaula.braga45@gmail.com
JACIELE ALVES,jaciele.santos77@gmail.com
elienay pereira,elienaypsilva30@icloud.com
ARTHUR WILKER,wilkersc@gmail.com
Bruna coreluk,edjlz@hotmail.com
Mateus de,mateussiqueira2305@gmail.com
Marcio Jeandson,jeandson123456789@gmail.com
Mariza,sofyajm01@gmail.com
Jhanielly Nascimento,jhaniellyn9@gmail.com
Moabino,pastormoabinoateofim@hotmail.com
Wandercleyton Teixeira,cleytonteixeira.adv@hotmail.com
Adriana Martins,adrianamartins-@hotmail.com
Micaelle Nunez,micanunes290@gmail.com
Kelen Geovana,kelengeeovana@yahoo.com
Jaelen-Pereira,jaelen564@gmail.com
Claudecir Saldanha,claudiopaulamelissafamilia@gmail.com
Andessa Cristina,cristinaandressa198@gmail.com
josilania,josyyennefer315@gmail.com
Miriam Gabriele,miriam.g.brilhante@outlook.com
Davailson Ferreira,devailsonfontes@hotmail.com
Paulo Roberto,cursosatuais10@gmail.com
EDUARDO RODRIGUES,bettatecnologia.pf@gmail.com
Carlos Roberto,carlos.lima.crz@gmail.com
Sandra Fagundes,sandrafagundes1@hotmail.com
ANDREIA NUNES,andreianunes538@yahoo.com.br
Lorena FS,lorenafreitas3064@gmail.com
Iasmin Sodré,sodreiasmin@gmail.com
Michele de,mih.js214@gmail.com
JAQUELINE OLIVEIRA,orionmarketingdigital@yahoo.com
Nathalia Moura,nathaliarosa.moura@gmail.com
Jonas Damaceno,jonasdamaceno5@gmail.com
Rafaela carvalho,carvalhorafaela239@gmail.com
Mateus josé,mj6331370@gmail.com
helder almada,olimpiohelder424@gmail.com
Daiane Moraes,daiane.moraes18@hotmail.com
Maria Marleide,marleidesousa205@gmail.com
Natália Reis,nataliareis3166@gmail.com
Giovana Parnoff,projetocabeloslong@gmail.com
camila marques,cmarques2-es@udabol.edu.bo
Vitória dos,vgalvao800@gmail.com
Kelly tuanne,agathakelly60@gmail.com
blessedcoins,blessedcoinssuport@gmail.com
Erica Borges,ericaborgessantos06@gmail.com
GIULIANNA,lc698006@gmail.com
Adriel Nunes,adrielsolo89@gmail.com
Isolene lehmkulh,leneleleipreuss@gmail.com
Graziela Santos,75998397407gs@gmail.com
Cristina Almeida,cristinaalmeida470899@gmail.com
Luciano Ortiz,otzdigital@gmail.com
Daiany fernandes,fernandesfreitasdaiany@live.com
marcilo seles,marcilioseles109@gmail.com
amanda meister,meister-amanda@hotmail.com
Andréa Rodrigues,andreacoutinho878@gmail.com
Monica Barbosa,monicanegocios01@gmail.com
Henrique nascimento,henriquenst@gmail.com
Ronney,ronneybmene@gmail.com
María das,98310132pedroyasmimcesa@gmail.com
Ismenia Simeria,ismeniaperes25@gmail.com
Marcos Vinicius,producoes.yoshi.marcos@gmail.com
carine da,carinecampos07@gmail.com
Elaine Napoleão???????????,elainenapoleao590@gmail.com
silas odilon,silasup12345@gmail.com
Rosiane,rosianevicente98@gmail.com
Laura Alves,laura_08_alves@hotmail.com
Dalton William,leiawilliam23@gmail.com
Claudete Rodrigues,rochakety90@gmail.com
Nayra Carvalho,nayteixeira6262@gmail.com
Talita Aparecida,ftalita621@gmail.com
Silvana Reis,silvana_reis20@hotmail.com
Alyne Rodrigues,alynerc@gmail.com
Greice anne,greiceleit.pedagogia@gmail.com
Gracielle Amâncio,gracielle.amancio29@gmail.com
Lorrany,lorranysanttos99@gmail.com
moacir rangel,moacirrangellacerdajunior@gmail.com
Darllanny da,odarllanny@gmail.com
RAQUEL CRISTINA,raquelcav2010@hotmail.com
TAIANA LIMA,thaianastudiohair@gmail.com
Leandro Padilha,leandropadilha335@gmail.com
Laura Domingos,lalica.domingos@gmail.com
Gean c.correa,dokol527@gmail.com
Romário Cardoso,romariocardoso934@gmail.com
Bruna Cristina,brunacristinapasini@gmail.com
Julia Alves,juuh.a.silva@gmail.com
Adão Lima,adaohinode7@gmail.com
Irlania Maria,irlaniasouza113@gmail.com
gisele diniz,giseleperera51@gmail.com
rai,raisousa533@gmail.com
Jarlete silva,espacodabeleza2018@hotmail.com
Carla Fernanda,eduardamaria8087@gmail.com
Renata Fernandes,renataffelix46@gmail.com
Aline Brandão,linebijubaby@gmail.com
STEFANI FERNANDA,stefaniolivio@gmail.com
Rodrigo Dias,digodiasr10@gmail.com
Fernanda Araújo,faraujogomes59@gmail.com
Josiane Litke,litkejosiane@gmail.com
Tainara da Rocha,itrcarmo@gmail.com
Rayane ferreira,98816419rayane@gmail.com
Flávia Borges,flaviaborges335@gmail.com
Evandro Batista,bateriaevandro800@gmail.com
Pedro Victor,pedrovictorsantosb@gmail.com
Karolayne Moreira,karolaynemgama.22@gmail.com
Joice Muniz,pjoice393@gmail.com
Cleidionir Fernandes,cleidionirf@gmail.com
diego silva,diegossilvestre10@gmail.com
Dyanne Alice,dyannealice926@gmail.com
silvano domingues,hcsdmontagems@gmail.com
Mirele Martins,mirelemartins171@gmail.com
Maria Leidiane,glimaleidiane@gmail.com
Raissa Karine,karineraissa0@gmail.com
Maria Da,annabeatrizmartins597@gmail.com
Larisse marques,larissemarques3535@gmail.com
Guilherme da,guilhermeimroth45@gmail.com
Edson silva,edsonguria@gmail.com
jefferson tulio,jeffersongalvao145@gmail.com
Carlane Castelan,carlanecastelan@hotmail.com
Joel Bezerra,joelbezerra389@gmail.com
carlos rai,carlosraivalente@gmail.com
felipe lucino,felipe.lucino1990@gmail.com
Diomar Alves,diomaralves29@gmail.com
angelica kelm,angelicakelm@gmail.com
uíndila cardoso,negauindilacardoso@gmail.com
Tauan Oliveira,alvarestauan@gmail.com
Maria Joseane,mariajoseanealves2017@gmail.com
Tamiris amaro,tamirisamaro20@gmail.com
Roberta Rocha,robertarocha76285208@gmail.com
rohelio lopes,rs838102@gmail.com
Delly Thaiane,dellycdantas@outlook.com
Wanderson Luiz,wandersonluizcosta33@gmail.com
Aline Ramos,eupormimhjesempre0107@gmail.com
Maria aparecida,janaahsmith02@gmail.com
Pamela,pamelaebruno00@gmail.com
elisaldo barbosa,elisaldo638@gmail.com
Jorge Oliveira,jorgeoliveira.silva.ac21@gmail.com
josiane rosa,josianerosa45@gmail.com
Valeska Henrique,kallebehenrique40@gmail.com
Gabriela,henri.marchiori@gmail.com
Pedro ferreira,davidwilliam26fiel@gmail.com
Olivoneide Barbosa,neidebarbosa699@gmail.com
Luis Eduardo,luis3rioss@gmail.com
Adriane Gabriely,adrianegabriely8@gmail.com
Elem Eduarda,elemeduarda8@gmail.com
Egmar da,egmarsantana04@gmail.com
Lucas reis,lucasreisempresarial@gmail.com
Graciele goncalves,gabrielfrancofilhodorei12@gmail.com
Cicera Balbino Henrique,henriquecicera15@gmail.com
Robson Lima,robsondofpc@gmail.com
Elis Regina,elisreginaberno@gmail.com
Micaela suave,mica.su@hotmail.com
Lidia Brambati,brambati.lidianara@gmail.com
Wanessa Fernandes,wanessasantos21738@gmail.com
jennifer stefany,jenniferstefany1212@gmail.com
leticia franciele,leticiafrancielesantos@gmail.com
Vitoria Gabriele,vi.gabrieleof@gmail.com
Lorraine Stephane,lorrainefragoso17@gmail.com
Erica silva,eneserica003@gmail.com
Elizalva SILVA,elizalvasilva47@gmail.com
odair inacio,geisyeodairinacio@gmail.com
Jéssica Silva,jessicapaz812@gmail.com
Natalice Brandão,natasilva443@gmail.com
Lucas ramos,jrlucasp0405@gmail.com
Roselma Sousa,rosybk19@gmail.com
laiany alves,laiany_oliveira@yahoo.com
2UP'br,jrplasticms@gmail.com
Milena Maria,milenamelo986@gmail.com
leandro francisco,leandrosan1899@gmail.com
Daniela Girardi,danielagfreitas@icloud.com
Sulene Kerly,sulenegmello87@gmail.com
Renê santana,rs.santana78@hotmail.com
Vando FAUSTO,afetoforteciume@gmail.com
Rutherllen Leitão,guarana.lanches.rc@gmail.com
Mairta da,mayrthas@gmail.com
mercado digital,pedrogamersmt2.0@gmail.com
Adriana Teixeira,adrianadasilva.tqr@gmail.com
Marcelina pitanga,marcely345@gmail.com
cristiane Almeida,crisdias830@gmail.com
Lidia correia,lidiacorreiacsantos@gmail.com
Eliane,elianediascardoso04@gmail.com
suelen marindia,suelenanna2015@gmail.com
Eliane Rodrigues,elianerds30@gmail.com
Marcileia menezes,marcileiamenezes27@gmail.com
Maria Marciane,marcyannybarros97@gmail.com
Creslley Fagundes,creslley77@gmail.com
Marlene Souza,marlenesmoreira4@gmail.com
Vitoria cruz,victohrenan4@gmail.com
Thayane Crystine,lorena.almeida1209@gmail.com
paula de,pauladejesussena97@gmail.com
Uilque dos,uilques958@gmail.com
Agnes cristina,agneescristina23@gmail.com
Samira Silva,samiracunhazazer@gmail.com
vanessa gabriele,meliodasfullfull7@gmail.com
Kamilly Vitória,kamillymoraes3650@gmail.com
Silas callebe,silascalebe75@gmail.com
Maria luzia,marialuzias1959@gmail.com
Andressa dos,andressasantos16511@gmail.com
Laudieni oliveira,lauraoliveirapereira80@gmail.com
Gleyce Adrynne,gleyceadrynne18@gmail.com
Amauri Gomes,netstoreutilidades@gmail.com
paula tatianny,123456789marinholobato@gmail.com
Gabriel De,fc7250845@gmail.com
maria ramunisa,ramunisav@gmail.com
Andrea Cristina,garciaandrea930@yahoo.com
Suellen pereira,santossuellen704@gmail.com
ADRIANE GOMES,adrianegomes024@gmail.com
Jamile Santos,jamilemenezes66715@gmail.com
wesllen santos,wesllenjp@gmail.com
ROSEMIR HELENO,rosemirbonifacio1@gmail.com
ROGERIO FERREIRA,rogeriofoliveira1994@gmail.com
clecivanio ribeiro,clecivanioaraujo2010@hotmail.com
Beatriz Bezerra,beatriz_silva2205@outlook.com
xc45,miguel.mont2@bol.com.br
Thais Borges,marligata304@gmail.com
Adna Silva,adnacaroline18@gmail.com
Dieniffer Guimarães,dienifferlg@yahoo.com.br
Railany de,chavesrailany@gmail.com
Flaviana Lima,fllavianalima82@gmail.com
prisciane Santos,priicyannesantos25@gmail.com
Mariana Lopes,marianaisadoraemanuelly@gmail.com
Yasmim Oliveira,yasmimoliveirablog@gmail.com
LORENA BARBOSA,lorenamoraes13@gmail.com
Eliane,valeeliane088@gmail.com
Samuel de,soppiresoliveira@gmail.com
Roselaine Aparecida,roselaineleite91@gmail.com
joao carlos,pretinholindo007@gmail.com
Douglas de,dougclaribaixo@gmail.com
claudio santos,claudinhost3@gmail.com
Giovani Nogueira,giovaninogueira70@gmail.com
António Lopes,123andressasousa@gmail.com
Rosane alves,nairasoaresrocha878@gmail.com
antonia eduarda,eduardasilva3617@gmail.com
luiz gabriel,gbatista096@gmail.com
Marconi melquiades,juniormelquiades@hotmail.com
bruna de,delmondesbruna269@gmail.com
SERGIO KAZUO,srgtkmt@gmail.com
jessica ramos,jhessycka2520@gmail.com
Gabe Pacheco,biiahpacheco1201@gmail.com
Diandra Rodrigues,diandrarodrigues200@gmail.com
deuziane cruz,deuzianecruzdasilva0@gmail.com
Leonardo Rodrigues,pr.leonardoaraujo@hotmail.com
Ana lucia,analuciapereiradasilva524@gmail.com
Joelza Lima,joelzaazevedo@gmail.com
Juliano Ramim,julianoramim@hotmail.com
mateus gomes,mateusngomes125@gmail.com
Francisco Ferreira,juniorquaresma278@gmail.com
Mirian Dantas,mirian112008@hotmail.com
vitória Luzia,vitorialuiza3829@gmail.com
Amanda Ap,anasaanatty@hotmail.com
Vanessa luana,vanessa88269ferreira@gmail.com
Iandra Souza,iandrasouzadossantos118@gmail.com
Maria grasiela,lucascalebe2909@gmail.com
Lorrainy Ferreira,lorrainny.nicomanu@gmail.com
Bárbara Teixeira,barbarateixeira300@gmail.com
rosangela docini,rosangela.docini@gmail.com
Kellen dias,kellend29@gmail.com
Carlos Silva,djcarlossilvacj@gmail.com
Renata Costa,renata.pedro1024@gmail.com
Rosimeire do,srosi2005@gmail.com
Letícia Couto,blessedplena@gmail.com
Vitória Marques,vitoria_marques_batista@yahoo.com.br
Beatriz Adriano,beatrizadriano@icloud.com
leide elem,dielygomes104@gmail.com
Myller carvalho,myllerbdc12@gmail.com
brendon brener,brendonbrener86@gmail.com
Josiane Almirão,josianecramonisch@gmail.com
Aline Oliveira,oliveiradarosaaline@gmail.com
ana carolina,cs5563093@gmail.com
Ana Julia,vidajulia108@gmail.com
lucas silva,lucassilvag1213@gmail.com
Leonisse Pinheiro,leoservadedeus@gmail.com
Regiane Marques,regianemarquesbatista454@gmail.com
anna carla,annacarlanerym@gmail.com
juliana aparecida,bulgarelli12@gmail.com
cauã azevedo,cauadesouza.13@gmail.com
marcio antonio,marcinmorais@gmail.com
mariana ribeiro,mariianarsant@gmail.com
Estefani Carvalho,anamaria.aninha511@gmail.com
Helaine Dias,helainejunges@gmail.com
jose ozeildo,ribeiro.ozeildo@gmail.com
ANTONIO MARCOS,lukasalves24546@gmail.com
Rosilda,garciatorresrose07@gmail.com
djeine santos,soaressantosdjeine@gmail.com
Antonia marli,gomesmarlly541@gmail.com
Daniely Fernandes,df9963478@gmail.com
Antonio luis,antonioluisdasilvasantos449@gmail.com
Dandara Patricia,quinzotedandara@gmail.com
Wesley Costa,pereiraweslleycosta@gmail.com
bruno wawchenowsky,wawchenowsky@gmail.com
GREICILENE DOS,greice_oliveira.com@hotmail.com
Adriana de,adrianadeoliveira007@gmail.com
joão Victor,jvc-silva@hotmail.com
maria aparecida,aparecidamartinslg@gmail.com
Lucilene dos Santos Andrade,andrade_luh@hotmail.com
Raisse lima,raisselima9@gmail.com
Josele Silva Designer de sobrancelhas,joselesillva@gmail.com
BRUNA BECKER,brunabeckersanntos24@gmail.com
luceildo da,luceildoa@gmail.com
Francielly Da,tekila8977@gmail.com
Taryanne Silva,taryanneferreira@gmail.com
Jaine Gabriela,jainegabi12345@gmail.com
Josélia Sacramento,josy_miri@hotmail.com
iria imaculada,souzairia667@gmail.com
Jéssica Soares,jessicasoares6539@gmail.com
SAVILA GUIMARAES,savila.lopes@gmail.com
Bruna Aparecida,mancinibruna00@gmail.com
Francielly Regina,fran_rfernandes@hotmail.com
Vanessa Lima,vl27350@gmail.com
Nathalia So,nahmullller@gmail.com
Josenildo Alves,nildotempeiro0311@gmail.com
Robson Vagner,biciulis2435@gmail.com
Michele da,michelelopes22@hotmail.com
JOSEANE FERREIRA,joseanef2525@gmail.com
Priscila Leite,prileite_magalhaes@icloud.com
Eyshila Vitória,eyshilavalente394@gmail.com
Iuri vinicius moura rodrigues,yurimoura169@gmail.com
Naylah terra,naylahsilva5@gmail.com
Daniele Abreu,dc6691187@gmail.com
Fernanda Aparecida,fernandasilvasantos15072022@gmail.com
Eduarda Cristina,educristina@outlook.com
MARIA EDUARDA,m.eduarda070120@gmail.com
Jhenyfer correa,alexsilvares3@gmail.com
Maria Aparecida,diellemmerlim125@gmail.com
Isadora celma,isadoracelma9@gmail.com
José Antonio,ja8976477@gmail.com
Edinaldo Aparecido,hildesonias+102@gmail.com
Mayara barros,bmayara621@gmail.com
Yuri Carvalho,yuri_carvalho.p@hotmail.com
Mayara Rufino,mayara-rufinoferreira@hotmail.com
Marcos Antônio,marcos331gaar@gmail.com
Leilana domingos,depaulaleilana@gmail.com
Hitalo riccelli,hitaloriccelli@hotmail.com
brenda da silva,brendasilvalopes34@gmail.com
Ivani Aravechia,aravechiaivani@gmail.com
MARIA VITORIA,wildiney.pereira92@gmail.com
Camille da,michellesilvamile16@gmail.com
wives godoi,wives.hd@gmail.com
Carina Gomes,karinagomespereira02@gmail.com
Jaqueline Amaral,jaquelineaoliveira99@gmail.com
Abraão Borges Gouveia,abraao_borges@outlook.com
Acassio Amorim,acassioamorim@gmail.com
Agnes Carolina Cândida de França,agnesccfranca@gmail.com
Alberto harada,ultraterapeuta@gmail.com
Alesandro Martim ,alesandromartim99@hotmail.com
Alessandra Haag da Rosa,alessandra@haag-rh.com.br
Alessandra passos,alee_passos@hotmail.com
Alex Jansen Souza Paulino,jansensouza57@gmail.com
alexandre rafael lourenço dos reis,keycos@hotmail.com
Alvaro Cunha Corrêa,portalweb07@gmail.com
AMANDA DAS GRACAS SILVA,amandasilva26537@gmail.com
Amanda de Oliveira Andrade Lucas ,amanda.andrade80@hotmail.com
Ana lima,anaflaviafernandesl@gmail.com
Ana Paula Luiza de Souza,ana.paula.souza.trip@gmail.com
Anderson pinheiro,contato@madamege.com.br
Andresa Brito,andressasantb@hotmail.com
ANGELA SIMONE WIEBBELLING,angelaswiebbelling@gmail.com
Antonio Marcos Pereira da Silva ,antonio987coelho@gmail.com
Anyelle Gomes,anyelle_gomes@hotmail.com.br
Aparecido,aparecidopdiad@gmail.com
Bárbara Batagelo,batagelo@hotmail.com
Beatriz Gonçalves gomes,beatrizconsultorasaude@gmail.com
Benedilson rodrigues brandao,beneb2165@gmail.com
BRUNA DA SILVEIRA,dasilveira.bruna@yahoo.com.br
Bruna Leticia Silva,brunaleticia.silva@hotmail.com
Bruno felice vilas boas,brunovilasboas61@gmail.com
Camila Philot ,camilatardim@gmail.com
Camila Zamin,camilazzamin@gmail.com
Carla Andréa Lima da Cruz Gomes,carlag1206@gmail.com
Carla Pereira Dibbern,carladibbern@yahoo.com
Carlos crippa,carloscrippa15@hotmail.com
CARLOS EDUARDO SANTIAGO DE ALMEIDA,carlos.almeidabv@outlook.com
Carmelucia Gonçalves,pequenacarme@hotmail.com
carollina dos reis gaipo,carollinagaipo@gmail.com
Catiane Batistoti,catiane_tijucas@hotmail.com
Charles Pereira da Silva,charles.sillva@hotmail.com
Charles pires do Rosario,charlespirrom@hotmail.com
Charry,charryalves@gmail.com
Chicão,franciscosanchesmendesmendes@gmail.com
Chicão,franciscosanchesmendesmendes@gmail.com
Christiane Alves Faria,christifaria@gmail.com
Christyan pereira,christyanpereira05@gmail.com
Clarice Moreira Torres,c.moreira44@yahoo.com
Claudia mara dos santos,claudiamaramuller@gmail.com
Crislaine,dannyelleduarte@hotmail.com
Crislaine Silva,cacrislaine08@gmail.com
Cristiane Weber,cristiane_weber16@hotmail.com
Cristiano Gomes,grupoashisa@gmail.com
Danielle de Lazari,danielle_m-s@hotmail.com
David Oliveira Dourado,daviddourado450@gmail.com
David William Lima Sousa,davidwillian320@hotmail.com
Dayane Gechonke,daygechonke@gmail.com
Denise Pereira Gomes,denisegomesuft@gmail.com
Denise Razia,de_razia@hotmail.com
Diego Brasil Gomes,diegoeanalu@gmail.com
Douglas Reis Ribeiro,doug_urubu@yahoo.com.br
Edmilson Costa de Souza,afiliadodigitall@outlook.com
Eduardo Enoque Moreno,edu.moreno007@gmail.com
EDUARDO TOMAZ DA SILVA,edduh2012@gmail.com
Elaine Neri De Sousa,elaineneri28@gmail.com
Eliane Moreira da Silva,elianeonlinedf@gmail.com
Elis,elisregina.lary@gmail.com
elissama silva,elissama.maeli@gmail.com
Érica Cristina de Araujo,ericaaraujo1108@gmail.com
erick nathan dos santos,erickntsantos@gmail.com
Evalda Barreto Domingues da Silva ,evaldacbarreto@gmail.com
FABIANA MOREIRA TEZOTTO,fabimoreiras@yahoo.com
Fabiana silva nascimento ,fabi01josepedro@icloud.com
Fabiane Rodrigues Neves,faby_neves@hotmail.com
fabio castro,fabiohscastro@hotmail.com
Fabio Paulo Oliveira dos Santo,fabioeleomara@gmail.com
Fernanda Ferreira de Carvalho,silvanafcar0@gmail.com
Fernanda Gonzales Sabalaga,sabalagafernanda@gmail.com
Flor de Lis ,lisf83@gmail.com
FOLINI & NASCIMENTO - COMERCIO DE JOIAS E FOLHEADOS LTDA,oficialhirana@gmail.com
Franciele Costa Martins,franciellycristina042@gmail.com
Francisco Amaral,amaralfabricio.fa@gmail.com
Francisco Francildo de oliveira,mfrepresentacoesfortaleza@gmail.com
Gabriel Silva,briel.387@gmail.com
Gabriela Gomes Ferreira,gabrielagofer@gmail.com
Gabrielle Carvalho,gabifelicio03@gmail.com
Giselle Carneiro,gscarneiro.gc@gmail.com
GRAZIELA FERNANDA DA SILVA MATOS,grazifernanda10@hotmail.com
Guilherme Fonseca Nunes,gui_nunes2017@outlook.pt
Guilherme Martins,guilherrmealvesmartins@gmail.com
Gustavo Gabriel De Souza Braga ,gabigustavobraga@gmail.com
Gutemberg Santos Monteles,gutosantoshotmail@gmail.com
Helen caroline Sanches,casanches@live.com
Hugo Eduardo imbiriba de castro,hugoedcastro@gmail.com
Isak Nykollas,isak.nikolas078@gmail.com
Israel Claudionor da Silva,israelzinho82@gmail.com
Israel Claudionor da Silva,israelzinho82@gmail.com
Israel pessoa silva,israelgarena22@gmail.com
Izabelly Rodrigues Alves,izabellyrodrigues03@gmail.com
Jakeline Barbosa,jakeesantos0724@gmail.com
Janaína küster dos Santos,bijusjana@gmail.com
Jaquelina Telles,jaqtelles@hotmail.com
Jardel Rocha Fonseca,jardelrfonseca12@gmail.com
JEAN RICARDO RAMOS DA COSTA,jeanricardo11@gmail.com
Jeffersom Gomes Benvindo,jeffersonbevnvindo@gmail.com
Jennifer Caroline Nunes Ferreira,jennifer.cn.ferreira@gmail.com
Jessika Raiana Ferreira Do Valle,jessikajonatas05@gmail.com
JESUS AUGUSTO PEREIRA MOSQUERA,japmosquera@gmail.com
joao gabriel ribeiro de moraes,dudaribeiroflor@hotmail.com
João Pedro Figueiredo,contato.figueiredo@hotmail.com
Josefa Cristiane Rodrigues Agra,josefacristiane10@gmail.com
Josilene de Sousa Maia,josilene.maiamaia@hotmail.com
Josuelson Apolônio vieira da Silva Alves,josuelsonapolonio84358038@gmail.com
Joyce Barsotti Cunha,joycebc@gmail.com
Juliana Aparecida Ribeiro,juliana_aribeiro@hotmail.com
Kamille Gomez dos Santos,kamillegomezz@hotmail.com
Karina Garcia Povoas,karinagpovoas@hotmail.com
KARINA KAREN CAVANHEIRA CAETANO,karinacavanheira@gmail.com
Karine Valeriano Silva Tiosso,karine_valeriano@outlook.com.br
lais,laisbitencourtmed@gmail.com
Leandro,leandro.pinga.bat@gmail.com
LEANDRO TEIXEIRA DE MIRANDA,leandrodeca@hotmail.com.br
Leonardo Tiosso,leootiosso@gmail.com
Letícia Malerba Gonzaga,leh-101@hotmail.com
LIVIA GALDINO,lacerdalivia1@gmail.com
Lucas,lukasdedeussilveira95@gmail.com
Lucas domingos dos Santos,lucasdomingos.santoss@gmail.com
Lucas Lopes de Barros Batista,llopesbb.94@gmail.com
Luis Claudio chaves guerreiro,lccgmb@gmail.com
Luiz Guilherme Alves Martins ,guilherrrmealvesmartins@gmail.com
Luiz Gustavo da Costa Amaral,luizgcamaral@gmail.com
Luziane Araujo Lima Severo,luziane.als@gmail.com
Maicon Gonçalves dos Santos,maiconsantos19332@gmail.com
Maikon Silva Vieira Santos,maikonmkt@gmail.com
Mailla Oliveira de Araujo Freitas,mai_oliveira_freitas@hotmail.com
Marcelly Souza das Neves,marcellygera@gmail.com
Marcelo Lopes,marcelosoareslopes@hotmail.com
Marco Aurélio,marcoflp2007@gmail.com
Maria,freitassouzamariajosede@gmail.com
Maria Carla,mariacarla0491@gmail.com
Maria de Carvalho Lopes,carol_laressa@hotmail.com
Maria José Ribeiro Faria,mariajoseribeirofaria@gmail.com
Maria Lúcia Sampaio Pereira,marialuciasamp@gmail.com
Maria Vitoria da silva dias ,vitoriadias0708@gmail.com
Mariana Alves Silva,alves.mariana.ma@gmail.com
Mariele de Fátima avila,marieleavila15@gmail.com
marisa Pimentel,marisappimentel@hotmail.com
Mayana keilla Martins Ramos,mayanakeillamartins@gmail.com
Mayara faustino de Souza,mayara30mm@gmail.com
Mayara Naline,mayaranaline@outlook.com
Mayara Paula Conceição,mayara.paula.conceicao@gmail.com
Michele Medeiros ,mimedeiros04@gmail.com
Michelle Zanon,michellezanon@outlook.com
Miguel Souza Guimaraes,izabel.bb@hotmail.com
milena souza perez,mi.souzaperez@gmail.com
MYRIAN CRISTINA RIBEIRO SAPATA  FERRAZ,myrian.ferraz@uol.com.br
Naiane Sá Rios dias,nayanesa@hotmail.com
Naiza oliveira ,naiza.agm@icloud.com
nardelio,nardeliozimmer@bol.com.br
Natália Almeida ,nataliaalmeidapacheco97@gmail.com
Natalice Anna de Souza,annasouza5602@gmail.com
nathalia rubia de sales correia,nathi.rubia97@hotmail.com
Nicole L B Silveira,nicole.rilene@outlook.com
Nicolli Callegari,nicollicallegari@outlook.com
Otilia Santos Aragão,otiliafarmacia@hotmail.com
Paloma neiva rodrigues kochem,palomarodriguesv@gmail.com
Patricia da Silva oliveira,patricia555oliveira@gmail.com
Paulo Cezar Daniel,paulodanniel.44@gmail.com
Paulo Wilson Costa Jovio,paulowilsonks@gmail.com
priscila de campos,priscilacampos1982@hotmail.com
Rafaella Souza Afonso,rafaellasafonso@icloud.com
Raik Gastão Tavares Da Silva,raikjacunda@gmail.com
Regina Mara santos de almeida,maradavi2015@gmail.com
reginasuelly.almeida@gmail.com,reginasuelly.almeida@gmail.com
Renan Torres,renanpson@gmail.com
Renata aparecida arleu dos santos,renata_arleu@hotmail.com
RENATA HELENA DE CARVALHO,renatahelenacarvalho@gmail.com
Renilda Martins Bezerril,renilda_melo@hotmail.com
Richard Eduardo de Andrade Barros,richardeduardo1509@gmail.com
roberta da s. muniz santos,robertamunizs@gmail.com
RODOLFO LUIS DOS SANTOS SALDANHS,contato@tudotopjoiad.com.br
Rodrigo Ferreira dos santos,rodrigo-ferreira4@hotmail.com
Roger,rogerbergson@gmail.com
Romilson Márcio Santos,romilsonlorin7@gmail.com
Rosangela,zharugeorefarias@gmail.com
roseli benedito,rbroselibenedito@gmail.com
Rosiane Leite de Carvalho Batista,nany_arthur1@hotmail.com
Rosimara Santana da Silva,rosimarasantana@hotmail.com
Samara Maria Sousa Ferreira,samara.maria198@gmail.com
Simania faria garcia,simaniafg@gmail.com
Suziane Gomes,suziane.sanches@gmail.com
Syang da veiga calegari,syangcalegari13@gmail.com
Taise,taisejc@hotmail.com
Tamires do Valle Brandão,tamiresvallebrandao@gmail.com
Tatiana Fregnani,tatifregn@hotmail.com
Telma Miyuki Iwamura,telmam.05@gmail.com
Tereza Portiolli,terezaportiolli@gmail.com
Thaila moraes,thaylamoraes08@gmail.com
Thais,davicleitonbarbosa1992rv@gmail.com
Thais Cristina Gonçalves de Miranda,thaismiranda5551@gmail.com
Thais Melo,thaismelo.email@gmail.com
Thais Moura,wesleyisaacthais@gmail.com
Thamyres Regina de Menezes,menezes.tamyres@gmail.com
Tony Ricardo da Silva Rodrigues,ricardotony197@gmail.com
Valdeiuma dos Santos ,valdeiumas18@gmail.com
Valdilene Maria Lima Gonçalves,valdileneg93@gmail.com
Valdirene Aparecida Dos Santos,thedivalingerie@gmail.com
Vanderleia Santos da Cruz,vanderleiasantos.cruz@outlook.com
Vanessa Santos Lima,vanessa.s.llima@hotmail.com
Vânia Maria da Silva,vaniairenearcanjo@gmail.com
VANILDA ALVES QUIENI,vanildaquieni@hotmail.com
VANJA OLÍRICA MONTEIRO,vanjaom@gmail.com
Veronica da silva santos,veve072003@yahoo.com.br
Verônica Magalli Fernandes Bahls,magalli.f@gmail.com
Viviane Lima Silva,limavivianesilva@hotmail.com
Wanessa Paura,wanessapaura@gmail.com
WASHINGTON LEAL,lordwale@gmail.com
Wellinton da costa Bomfim,wellintoncosta810@gmail.com
Wendel Bertoloto venancio,thainaaraujo25@outlook.com
William Ferreira  Silva Prado,williamfsprado@gmail.com
William Rodrigo marchetti,williamrodrigomarchetti@gmail.com
Yago Maia,yagocruzbastos926@Gmail.com
Yago Maia,yagocruzbastos926@Gmail.com
